{"assets/fonts/Manrope/Manrope-Bold.ttf":["assets/fonts/Manrope/Manrope-Bold.ttf"],"assets/fonts/Manrope/Manrope-Regular.ttf":["assets/fonts/Manrope/Manrope-Regular.ttf"],"assets/images/dropdownArrow.png":["assets/images/dropdownArrow.png"],"assets/images/loginWall.jpg":["assets/images/loginWall.jpg"],"assets/images/loginWall.png":["assets/images/loginWall.png"],"assets/images/logo.png":["assets/images/logo.png"],"assets/images/logo.svg":["assets/images/logo.svg"],"packages/cupertino_icons/assets/CupertinoIcons.ttf":["packages/cupertino_icons/assets/CupertinoIcons.ttf"]}